y-Nearest-Neighbours,L0_distance,L1_distance,L2_distance,Linf_distance,Success_Rate,Redundancy,Constraint_Violation,avg_time,VAE-Euclidean-Distance,model_type,backend,recourse_method
0.33333333333333337,5.333333333333333,0.5411367323727783,0.3485419456534389,0.4105189998456508,0.6,3.0,0.0,0.01043648779959767,0.42956163510171913,linear,tensorflow,growing_spheres
0.2666666666666667,5.0,0.2606881585655995,0.019231278090969098,0.0892659219138311,0.6,4.0,0.0,0.006371313000272494,0.13065561587623273,ann,tensorflow,growing_spheres
